{"cameraMode":{"drawMode":0,"name":"Shaded","section":"Shading Mode"},"sceneLighting":true,"audioPlay":false,"sceneViewState":{"showFog":true,"showMaterialUpdate":false,"showSkybox":true,"showFlares":true,"showImageEffects":true,"showParticleSystems":true},"in2DMode":false,"pivot":{"x":-42.403350830078128,"y":-99.93746185302735,"z":435.5887756347656},"rotation":{"x":-0.1320076286792755,"y":0.5334494709968567,"z":-0.08471207320690155,"w":-0.8311681747436523},"size":174.9923553466797,"orthographic":true}